epoch,train_loss,train_accuracy,train_macro_f1,val_loss,val_accuracy,val_macro_f1,learning_rate,experiment
1,3.3182467237149615,0.6973397082260635,0.09244019306045348,1.9919647016092377,0.7928702430077946,0.1303257852660061,0.0003,kvasir_caption
2,1.9792297979451663,0.7993625107269829,0.12912836506111106,1.5811470490647586,0.8372306281522237,0.1523642081232567,0.0003,kvasir_caption
3,1.7125858272774863,0.8229986514649994,0.14967014997823275,1.5036893811918957,0.8402109124254928,0.1730051038645687,0.0003,kvasir_caption
4,1.5898674420198564,0.8309672673777124,0.17743106787539828,1.45595547317748,0.8504126547455296,0.18448203633629942,0.0003,kvasir_caption
5,1.4958226681939377,0.8372195660169179,0.19667654884512706,1.4419079714551644,0.8502980284273269,0.18741781037571892,0.0003,kvasir_caption
6,1.4138797742414082,0.8426382248375628,0.23524146313391112,1.439308934887305,0.8473177441540578,0.18845964191860443,0.0003,kvasir_caption
7,1.3291796629899737,0.847198725021454,0.2687526021031102,1.4540371382143562,0.853622191655204,0.19138169363066815,0.0003,kvasir_caption
8,1.2563700915493625,0.8482039965673654,0.2914882544256883,1.4826559793069132,0.8522466758367722,0.18859156974094982,0.0003,kvasir_caption
9,1.181537713566963,0.8520779698418536,0.3357224141096959,1.488298896308997,0.8501834021091242,0.19453251593408954,0.0003,kvasir_caption
10,1.09108806632672,0.8581095991173225,0.39753586490866094,1.496642213904054,0.848922512608895,0.19466935506401317,0.0003,kvasir_caption
11,1.0305359459542989,0.8609047443913204,0.4249476813938424,1.5226224268974924,0.8498395231545163,0.1871298527607348,0.0003,kvasir_caption
12,0.9563488837125562,0.8649503493931593,0.4716204564360349,1.5543769236717242,0.8475469967904631,0.19463387676785013,0.0003,kvasir_caption
13,0.898096812513802,0.8679906828490866,0.5077249863184935,1.5838986008279863,0.844222833562586,0.19217085794831346,0.0003,kvasir_caption
14,0.8283911981549905,0.8722324383964692,0.5322525795279781,1.6349752978522096,0.8511004126547456,0.20264259195258494,0.0003,kvasir_caption
15,0.788115035677944,0.87637611867108,0.5655911446243811,1.670595984402079,0.8457129756992205,0.1902396287079947,0.0003,kvasir_caption
